"","","1.0","2.0","3.0","4.0","5.0","6.0","7.0","8.0","9.0","10.0","11.0","12.0","13.0","14.0","15.0"
"","Weight","203.615021712","121.021256815","102.797881821","96.8308228425","85.1337376818","82.7638081862","79.8350001426","77.6664196111","74.6070181251","73.1094103855","69.0965599529","68.1365878361","66.4803049535","64.5130880771","63.5694364795"
"Movie ID","Titlte","","","","","","","","","","","","","","",""
"11.0","Star Wars: Episode IV - A New Hope (1977)","-0.106651331763671","-0.0944014758115046","0.199949047255203","0.0251957152039303","-0.0644370769935525","0.276259473872819","-0.206927935357407","0.05409256659615","-0.0259502616278335","-0.0889642902025454","-0.117163641433646","0.104473918490165","0.0495319672736284","0.140639373603652","-0.0312058811318503"
"12.0","Finding Nemo (2003)","-0.0239803834792617","-0.0269600393124547","-0.0380673770998594","0.248295892155956","-0.11889445675004","-0.0680920743091688","0.0641168965160523","0.0373904238924113","-0.0824572679416137","0.0378408041117004","-0.0676033482414553","-0.0172518741470307","-0.0692232262379143","0.0631070418283553","0.159912927374572"
"13.0","Forrest Gump (1994)","-0.157041787822133","-0.0398888006308926","-0.224400161212369","0.062452412715041","0.0980263951616203","0.0782547077325462","-0.0471039663132542","0.14774284085928","-0.100540072815097","-0.018726806969712","0.0762312532463008","0.0161291924549316","-0.040507002717745","-0.275025300880082","-0.0525635892957476"
"14.0","American Beauty (1999)","-0.0444680650242944","0.198715196324758","-0.0065767512383331","0.00875960558572999","0.056092921487058","-0.0203703524792261","-0.0461499911313301","0.00724409197371488","0.00879145798532938","-0.0675619382677873","0.0633753428745006","-0.177546656317265","-0.100530776560361","0.0683528568289879","-0.0854367845507671"
"22.0","Pirates of the Caribbean: The Curse of the Black Pearl (2003)","0.0362558003409719","-0.13242133623897","0.0364102462139948","0.00751024059723825","-0.010657249567666","-0.0653723036110296","0.0927681641009003","0.0038155259866929","-0.0818999945369387","0.0839582089454401","0.1677398393272","-0.0953403715691296","0.1752846197312","0.106542090423329","-0.287539599869903"
"24.0","Kill Bill: Vol. 1 (2003)","-0.0452030567405732","0.181569509899805","0.205704700862652","-0.171393675499464","-0.00518863429174612","-0.11500728625644","0.180589447141484","0.525396512462504","0.03198693244159","0.0478336873333641","-0.138115065394259","0.0326917082769712","0.0888623451469031","-0.048018074096391","0.13002008750189"
"38.0","Eternal Sunshine of the Spotless Mind (2004)","-0.0487434568531878","0.161058446929866","0.0141678022633554","0.0248690517382353","0.0470610035259338","-0.0404502497527769","-0.0209110306231535","-0.109094619275299","0.0278121212549934","-0.0554629917986126","0.0592421225142233","-0.126222373837157","-0.0222795362761979","0.0596540953301395","0.0297826075241068"
"63.0","Twelve Monkeys (a.k.a. 12 Monkeys) (1995)","-0.0431429913772765","0.126401836133862","0.0748916124513626","-0.0415288480579838","-0.0107702963045623","-0.00808349758622953","-0.0293040848847654","-0.104812878214336","0.00854978162916462","-0.00480291977397266","0.0941486232456944","-0.0653220129798423","0.0355786633153973","-0.0285684989980198","0.0541832658856155"
"77.0","Memento (2000)","-0.101176837861732","0.133322032833829","-0.012022406060739","-0.0241799151485214","-0.0326234746260468","-0.0714588032018491","-6.45847255342087e-05","-0.127380423173011","-0.0233462772409785","-0.0775055920506916","0.0298178569858063","-0.0520917871618","-0.00395744422462797","0.0639169847587132","0.0633716777693916"
"85.0","Raiders of the Lost Ark (Indiana Jones and the Raiders of the Lost Ark) (1981)","-0.0870202325942573","0.00192075876818557","0.0482457790381111","0.0431475752433513","-0.136802939728387","0.130877625324497","-0.067871382792673","0.0346903824105064","0.166582424165041","0.0470950448470603","0.0527921142977389","0.0950934311763434","-0.107238598350026","-0.0497987820580072","-0.0247943004536791"
"98.0","Gladiator (2000)","-0.0956490444712336","-0.118547441760784","-0.191501805846265","-0.0671737266867355","0.0139676890588516","0.000774739130951063","0.041532740638266","0.00976147747146716","-0.0154949990703465","0.0640967140477493","-0.0995154463496578","0.0171392674403654","0.0902653579732324","-0.042094097625854","-0.0220198443077807"
"105.0","Back to the Future (1985)","-0.0776254101709654","-0.00359111040477765","0.0108304319894659","0.0171894418786718","-0.176168073910629","0.183951806478467","-0.0609351886987395","0.0477260310666284","0.137122895461574","0.046375643688232","0.149227776662924","0.00203822663770727","-0.071400398228728","-0.0942992337298211","0.0148029354449696"
"107.0","Snatch (2000)","-0.0501423271497043","0.138729541209341","0.0407619673443568","-0.0363125012809617","0.017148841180083","0.0193845449121079","0.0116708044574674","-0.0702202076962357","-0.0439092952673322","0.0497265049827392","0.0422803263003949","0.028465921319233","0.0969713945886565","-0.00654109076844033","-0.0553693862545191"
"114.0","Pretty Woman (1990)","0.116240608968209","0.0296132125209926","-0.14165528262291","0.0738711588928915","0.108746629745454","-0.0124350032860423","-0.114488147894915","0.145690278520219","0.102789329394445","0.0443003735697321","0.0074423678942657","-0.0630820546368651","0.0638597114774723","0.0824868686916844","-0.0203700901268854"
"120.0","The Lord of the Rings: The Fellowship of the Ring (2001)","-0.157497803924038","-0.22816733140033","0.227915770813564","0.0382143811880167","0.290180053051775","-0.0389628073635611","0.126901739842024","-0.0852987025562018","0.167285136919165","0.157714657466506","-0.026912691555893","-0.0600221997729024","-0.105361649650685","-0.0209122238465547","-0.0346517729106412"
"121.0","The Lord of the Rings: The Two Towers (2002)","-0.141332641215627","-0.228428416308082","0.226529246774051","0.035852780134184","0.298140143139331","-0.0411957490246809","0.121425134140679","-0.0804611816972605","0.137021531959034","0.157700832986972","-0.0390550259093713","-0.0755558715908881","-0.0729855986772727","-0.0411877990855509","-0.0367398184152274"
"122.0","The Lord of the Rings: The Return of the King (2003)","-0.159159747819472","-0.229643481392305","0.211320711222967","0.0347504650959571","0.291393108920859","-0.0396385025697385","0.127625914311708","-0.105860257197284","0.157102956959929","0.155751944889294","-0.0546435821277136","-0.0751752385738342","-0.0783394949981895","-0.0214258975710594","-0.0395002621497494"
"134.0","O Brother Where Art Thou? (2000)","-0.00405379416300825","0.126744550652228","0.0623236090043844","0.0293217839025878","0.0236086638232156","-0.0115374964841856","-0.0648994104579726","-0.0471389781278056","0.0208737479063208","-0.0102657460799246","-0.0265418584223635","0.0392417942322107","-0.0424307122007963","0.0105839698473171","0.0338384310571681"
"141.0","Donnie Darko (2001)","0.00398511178702069","0.142987569730249","0.0622784863684832","-0.00200760133950667","0.0422883564966525","-0.00829185015655439","-0.0496481409562821","-0.112038490056659","0.0157393070053151","-0.0183505368594619","0.0531775186088312","-0.0344274942848796","0.0856297727194073","0.0324933125720966","0.0592838732485524"
"146.0","Crouching Tiger Hidden Dragon (Wo hu cang long) (2000)","-0.00910213295794546","0.0454384398901195","0.0765348945557192","0.0166698642266018","0.018687807224495","-0.0814117750053732","-0.0118840059653084","0.0388211059139417","0.0174276933975346","0.00759055864245693","-0.0562542319443905","-0.0840316669540001","-0.149510667773118","0.0591443342133457","0.0244619800983448"
"153.0","Lost in Translation (2003)","0.0013330279834394","0.158733467930453","0.0371310014336685","0.0304492586354799","0.0671292795570123","-0.0320547265606483","-0.07780687560983","-0.0884518799723031","0.0248061004921346","-0.0627808367162858","0.0376549961324479","-0.0739748255142185","-0.130044682888405","0.127605833564306","0.0336927768542586"
"155.0","The Dark Knight (2008)","-0.152029046808523","-0.102862274144931","-0.0235902468031991","-0.0565978389710371","-0.159707745554786","-0.0813400990884081","0.15125682896747","-0.19053203835505","0.015410443138119","-0.11033382893955","-0.136613900706149","-0.0217557432103738","0.269019741128974","0.0896591248515198","0.0558925543054558"
"161.0","Ocean's Eleven (2001)","-0.0118469004627031","-0.0230702975234593","-0.0694332586793664","-0.100461904215593","-0.0571342517698484","-0.0899916883950653","0.0316941745030282","-0.0240148807225822","-0.060032821392721","0.10664986531431","0.010926170164309","0.0586927436469487","0.0403179355236933","0.202420608834869","-0.0721583368179928"
"180.0","Minority Report (2002)","0.00610628016502659","-0.0282308994278915","-0.0115540993242896","-0.114488603929633","-0.0532465628773921","-0.0342487810533484","-0.0821200718706231","-0.0185847411660929","-0.0122606075808056","0.0634004825375001","0.0721866448172648","-0.0432559518579107","-0.0666780795427087","0.0184532854971125","0.120726482077038"
"187.0","Sin City (2005)","0.00176677722876502","0.134194688938175","0.110077942872386","-0.034540809373322","0.039437465257091","0.010431038201757","0.0622857328976577","0.0235883993163243","-0.104798378521397","0.0790406782373375","0.0390078944212839","-0.070830086894625","0.0931410599175987","-0.0358417129366039","0.0380836483637422"
"194.0","Amelie (2001)","-0.0633968362917032","0.159914026046349","0.0277662457378888","0.106051806573634","0.0634107524282685","-0.0426719518259011","-0.0939117502602456","0.0131360676763462","0.00781146608951806","-0.0526260277877137","0.0732308367982869","-0.104810352866457","-0.129950495871631","0.0543594863724451","-0.0636205113507243"
"197.0","Braveheart (1995)","-0.0482214828348984","-0.0980377193017665","-0.131315138542761","-0.0485077339049792","0.0801545684218847","0.0701525901855744","0.00757902307087645","0.0443453774688321","-0.00569119937462126","0.0685409374529584","-0.13055574249756","0.0601468765952552","0.137798365733931","-0.190749565159988","-0.0228085137039508"
"238.0","The Godfather (1972)","-0.183011657419888","0.000504628897910729","-0.104087002869542","0.0153400600079635","0.0253256059339953","0.0292912545194937","0.0677815882272788","0.0675946818729145","-0.0130215388364496","-0.174143430500036","-0.0454777169223144","0.0367448294298276","-0.0725688053921415","0.0498884853710082","-0.284437279251769"
"243.0","High Fidelity (2000)","0.0209290242788666","0.11447002036587","0.0430753936673408","0.0267627485603475","0.0375675955241884","-9.4014226301349e-05","-0.079010777434701","-0.0725371246092345","0.0288095240573815","0.0348352193554424","0.013822781113084","0.0266525286629247","-0.0130592025140519","0.010855154723887","0.0452897820391031"
"268.0","Batman (1989)","0.0844156418417524","0.00931059408606956","0.0816803137381308","-0.0270599835157993","-0.0604062197549505","0.0412511192012579","-0.037900829272525","-0.0286985657512781","0.00435771203274397","-0.11213296084028","-0.0881232447469165","-0.0322405729486467","0.0962172548131291","-0.0771645815470971","-0.162567883923251"
"272.0","Batman Begins (2005)","-0.0644997373872598","-0.0630955691940196","0.0394019316593091","-0.0623918196085835","-0.156449493911518","-0.0756481465014062","0.084940743920744","-0.191350439830976","0.0207395621738399","-0.128456406587614","-0.167001739163587","-0.0211071101624771","0.219926358021718","0.0558888358738331","0.0607326695098874"
"274.0","The Silence of the Lambs (1991)","-0.124263499037868","0.0876015077710985","-0.0532517420775076","-0.00718034580788532","0.0273181411683211","0.0146087040626415","-0.00353425080425055","0.0209309811220431","0.0175931057958158","-0.0951813254670515","0.0241751357744172","-0.0250675099779523","-0.0205041959765949","-0.0714599797102287","-0.121268399590221"
"275.0","Fargo (1996)","-0.0436820289570057","0.1615586592506","0.0334186660514986","0.0222726997810968","-0.00913934428068094","-0.0151728293486263","-0.0734756550152129","-0.0418350902259858","0.0734748018635422","-0.0529473541051829","-0.0143895170170674","0.0211473729375865","-0.101911794209738","0.0298724691304516","0.000430141950090556"
"278.0","The Shawshank Redemption (1994)","-0.19484441472151","-0.0080672245762983","-0.17966293403922","-0.0160051116274677","0.0350376478708075","-0.0126153572477165","0.0314936163498447","-0.0147809528672276","0.00332142634800641","-0.0947428932051139","-0.0275655240630779","0.0711824241259167","0.0238110288753938","-0.121596615069294","-0.0978285034692045"
"280.0","Terminator 2: Judgment Day (1991)","-0.0430837635670049","-0.0778268204579333","0.0412303284219912","-0.0995679312531147","-0.187589241853648","0.174559706186236","0.0788593842222093","0.0437572189421405","0.199076831927126","-0.0599333554113","0.124428305366196","-0.0955486033603059","-0.0472376167396076","-0.0492029067845581","-0.0629513935652044"
"329.0","Jurassic Park (1993)","-0.00730503430833976","-0.10048242820759","-0.049081152274739","0.0467139643476186","-0.124252342660561","0.0925839909679584","0.0251792843563947","0.0614277384586713","0.181790927054181","-0.0740317308885779","0.126708364066009","-0.0638369996497915","0.0101153131833217","-0.000735669762735313","0.183984656984086"
"393.0","Kill Bill: Vol. 2 (2004)","-0.0225705153805671","0.1578359326786","0.18562952965257","-0.165117125570185","0.0132787352051823","-0.139532933332651","0.167630830913835","0.474934332526445","0.00624221141957597","0.0509948984062942","-0.126179564658911","0.0526325762247442","0.0805905913969999","-0.0371679835394541","0.111414781452558"
"414.0","Batman Forever (1995)","0.218089252813593","-0.00932367622415231","0.0507253902020577","-0.0732245441431935","0.083830391552578","-0.0102051457467885","-0.116476516786724","-0.03497416651626","-0.199161531486897","-0.0900100277519804","-0.065392158218318","-0.0100134711469192","0.0421871304317887","-0.0947282170554232","-0.245821078044653"
"424.0","Schindler's List (1993)","-0.137712479319316","-0.00498910841351149","-0.119656103812026","0.043985459718708","0.0963045964748315","0.0415339275881994","-0.0198621003177272","0.0693379837974078","-0.0310090071234998","-0.112168728918261","-0.00752311162090466","0.0559414341691542","0.000765646127356967","-0.104491357883593","-0.0537996912724513"
"453.0","A Beautiful Mind (2001)","-0.120418858159291","-0.0569065650984658","-0.20840540432215","-0.0238457638414131","0.116493354227066","-0.0404623662992406","-0.034776520319647","0.0177894379650013","-0.110152603402573","-0.0249671334389776","0.0440969043874428","0.00613861748909243","-0.00984224043079992","-0.0279952156201504","0.00989561741703934"
"462.0","Erin Brockovich (2000)","0.0577601805914174","0.0802329483963172","-0.101428641400536","0.0485380948653031","0.114726634377235","-0.0340698230469947","-0.122941937128994","0.0297457692197542","0.0259120635243601","0.0888964613757072","-0.0031020541215946","0.0161845343178179","-0.0159942193044596","-0.0181941413585537","0.0142648182822103"
"550.0","Fight Club (1999)","-0.153232886614186","0.15357746470206","0.000549356570319611","-0.0773671887115239","-0.0101343737921061","-0.0205675225723732","0.0957827925550412","-0.105130237626936","-0.103723950334703","-0.0372385820439107","0.0904630546876032","-0.068517338609311","0.143593337660421","0.0948033523389648","-0.0908487503488007"
"557.0","Spider-Man (2002)","0.110887309328737","-0.0858823697722299","0.0462104897783134","-0.0396786724983763","-0.155361624558331","-0.129599161285547","-0.0114173841328131","-0.0570170947497531","0.0508264568695397","-0.203193117294801","-0.215100595070454","-0.125213733716124","-0.149297190486647","-0.285779076401159","-0.0130420528480497"
"558.0","Spider-Man 2 (2004)","0.15664480976902","-0.0716418415913422","0.0588545528378548","-0.0406576634757481","-0.135108970316925","-0.165672928810506","-0.0246121806245628","-0.0551755152843665","0.0383972323430384","-0.214464163762258","-0.269877670565163","-0.145125624124227","-0.177936363994916","-0.296453912162628","-0.0571617071557518"
"568.0","Apollo 13 (1995)","-0.00775576699551156","0.00467157435461569","-0.0384951017358358","-0.000509933412772715","-0.00617872388255706","0.0408081869368562","-0.138586464155603","-0.0203098864637864","0.0665534988944045","0.037378370285086","0.00741607900307523","0.0663927374118579","-0.0558689780093747","-0.05791476502543","0.0995928696147506"
"581.0","Dances with Wolves (1990)","0.014650651783356","0.0229240662926572","-0.0692752727435672","0.0495953905786571","0.123291953370574","0.0400149580161638","-0.0820352474649909","0.0168284097412878","0.0275794415354106","0.0293750269316283","-0.00602294506502683","0.00147153634670913","0.0392003846332499","-0.0825382619535335","-0.0121986099014906"
"585.0","Monsters Inc. (2001)","-0.0240143008717957","-0.0127550285651994","0.0215304035931252","0.198255134403584","-0.137203944208279","-0.0553607484844007","0.0283563320631852","0.00810270768080227","-0.111475180340034","0.135310926990459","0.0311198981870705","-0.0207684001453252","-0.0698088006015582","-0.00309804421911973","0.107219355980113"
"597.0","Titanic (1997)","0.109876245662488","-0.137892618000027","-0.248880103475779","0.122403689506402","0.187447708892475","-0.00977650481686402","0.0115077257866732","0.198322978118877","0.210356107044173","-0.349317630988183","-0.0709107692229797","-0.311173934784741","0.0454264995968938","0.275887904981107","0.0572086132370102"
"601.0","E.T. the Extra-Terrestrial (1982)","-0.0110918091008549","-0.00133669548734038","-0.0261822653587379","0.123097960010362","-0.0397093010940938","0.0607403809863386","-0.125698927536453","0.111989881052975","0.077311548584103","-0.0646980529521063","0.0454741435168237","-0.0212827057851543","-0.0917752779596081","-0.116837754543439","0.112403164139563"
"602.0","Independence Day (a.k.a. ID4) (1996)","0.12081462884348","-0.13691329756052","-0.0921839636173239","-0.121222075400952","-0.0942280016898881","0.0802233125646737","-0.00334703424583751","0.0764177659174427","0.0776579855129198","0.0484018089183103","0.0785230186564224","-0.109709767276495","0.164490411575654","0.117631660532318","0.129461967061163"
"603.0","The Matrix (1999)","-0.214700288992569","-0.119924271384555","-0.00430201944242978","-0.101075756612141","-0.103400397199323","0.0209771010816522","0.022150747301661","-0.0106619481488396","-0.125364419198286","-0.000449432612569557","0.165709891162392","-0.202094803495746","-0.165373139909681","0.027863183364938","0.094369553442904"
"604.0","The Matrix Reloaded (2003)","0.0352793089023048","-0.182206697261107","0.000106880166932296","-0.229256551308413","0.0956504771687105","-0.0207310196789237","-0.026349548418122","0.0646813717486613","-0.404385804084982","-0.0365145215310123","0.10860145030008","-0.249963171387879","-0.232426670578664","0.0931844532257852","0.26600973729612"
"607.0","Men in Black (a.k.a. MIB) (1997)","0.0727567467540127","-0.0624176769382955","0.0371878931907758","-0.071546802536834","-0.185891898867358","0.0958427459442926","0.0567340733371403","0.0834569145136328","-0.000343172691491487","0.130676978412619","0.278662719763017","-0.150802287195074","0.00310923589904239","-0.0286116673313352","-0.119093920630185"
"629.0","The Usual Suspects (1995)","-0.107794232305371","0.123565405447815","-0.0135735154563206","-0.0334864009493561","-0.0365400176743216","-0.0571857998543667","0.00563684789772045","-0.0726678456858395","0.0321341690812218","-0.0305924430358658","-0.0242312221827173","0.0547990199306244","-0.0407493109474812","0.038133015906137","-0.0234334908769054"
"640.0","Catch Me If You Can (2002)","-0.0356958035936789","-0.0047570011966986","-0.129866696379687","-0.0445285509778751","-0.000132720062453402","-0.0336772459328817","0.000962513085189249","-0.037029323727861","-0.0400142667573476","0.0330516774168213","0.0353801768505035","0.0644657648310036","0.0461992876141982","0.0341526836095145","-0.000474409372204061"
"641.0","Requiem for a Dream (2000)","-0.0366949181964294","0.137652788491442","0.0267082971167006","1.13419357281271e-05","0.0721939354209973","0.00588838904064058","-0.0398442624507543","-0.0883981048756051","-0.0470250902722795","-0.0298359533490875","0.0565022123600748","-0.0664374064140614","0.0378639470756321","0.00679034825172111","0.0602409637310193"
"664.0","Twister (1996)","0.146330340501438","0.0149380671853747","-0.0125082733673303","-0.00666717461980603","0.100178713825606","0.00141250117354032","-0.0896761949156007","-0.0507757707284585","0.0839749572053174","0.0929213579654101","-0.00106729043657729","-0.0162998953109997","0.0537970000448089","0.0224235470916234","0.100091414306127"
"671.0","Harry Potter and the Sorcerer's Stone (a.k.a. Harry Potter and the Philosopher's Stone) (2001)","0.0869329971453885","-0.142040282715792","0.166188053178737","0.13360075438412","0.0581754248700867","-0.245428327433734","-0.0141704669770031","0.0578809620725747","0.0380185902456712","-0.286304646659926","0.369388590498209","0.291316698036336","0.096619054415019","-0.0307873750663942","0.0750009032393229"
"672.0","Harry Potter and the Chamber of Secrets (2002)","0.0912716288311623","-0.143843132107473","0.164127675266531","0.125419769765964","0.0684705759223308","-0.245943354320273","-0.00283179894420853","0.0297303568158194","0.0261161833240025","-0.27838766998592","0.335922986028634","0.309001561680057","0.106398029758665","-0.00590468162752297","0.0422175188357191"
"680.0","Pulp Fiction (1994)","-0.166982750726632","0.189564748679112","0.0673802782610142","-0.085505126835232","-0.00672485069127117","0.0358410490957789","0.0699471370336573","0.121597964584247","-0.00437861045406145","-0.0853521656308069","0.0496296883023874","-0.00404804678849121","0.00768633945560387","0.028499764638508","-0.230012511226958"
"745.0","The Sixth Sense (1999)","-0.0588354232272094","-0.00536683567967616","-0.116047377764819","-0.0280463529901215","-0.0210625360080518","-0.0359159804441912","-0.0739885081353535","-0.0164902346176284","0.0129685896515014","0.0061815126744426","0.0607371144516201","0.00859214974978865","-0.00554444904234684","-0.1268227439917","0.0869063494868208"
"752.0","V for Vendetta (2006)","-0.0450267931014315","0.0393305102835905","0.031782519923311","-0.0340450208067814","0.0250296165421908","-0.0679649998619985","0.0375869115883263","-0.108258208067637","-0.107903782773841","0.0860312378067583","-0.0155989139597716","-0.136453677127904","0.24702224841682","-0.0348000399308685","0.183148738894372"
"786.0","Almost Famous (2000)","0.0448993168212549","0.109020020501553","0.0266686869063172","0.0377118869514232","0.0519955673940389","-0.0158716100795569","-0.0842297889757445","-0.0639634067143207","0.0509280486140626","0.0312425935305878","-0.0291131810288829","0.00400807933704358","-0.038002843992953","0.000676418384813096","0.0321456985950991"
"788.0","Mrs. Doubtfire (1993)","0.136835565920762","0.028551213419059","-0.101585240636026","0.102057775125985","0.0925511875403225","0.0738022752827082","-0.0215968048028876","0.00553380885380697","0.0462687043906787","0.105878152183468","0.0372124215884046","0.0406339072742795","0.0339544856032722","-0.0644468444825003","0.0352409479101591"
"807.0","Seven (a.k.a. Se7en) (1995)","-0.0883790692635156","0.129074626467758","-0.0116591256093214","-0.0486896520499065","0.0222294954976963","-0.0457312944394121","0.0230088098665057","-0.0791891969449277","-0.0417928844590268","-0.0287823521394499","0.0490699702913775","0.0334767133462421","0.0909659539513771","-0.0743702549834234","0.022499020041533"
"808.0","Shrek (2001)","-0.016930021967804","-0.0408802957176254","0.0039234167183161","0.232320875965469","-0.126046877098896","-0.0324733144987433","0.101382116743504","0.050885384106082","-0.233470467296689","0.180879563727508","0.0617781128117637","0.0806868853420366","-0.0912397929702065","-0.0692040037040256","-0.118059475685822"
"809.0","Shrek 2 (2004)","0.082341677586554","-0.03730479921535","0.0236186444330115","0.175554345432965","-0.070727563388634","-0.0347436344989071","0.071975868080521","0.029618091366901","-0.26927381240931","0.104542167566224","0.00958222757996499","0.0851385190195695","-0.113776446475305","-0.0127278315611716","-0.171598289556701"
"812.0","Aladdin (1992)","0.0661842149931356","-0.0158213865764922","0.0121498318017541","0.22604172219878","-0.0617279795917775","0.00198572504724915","0.0336951850143206","0.00394030482075112","-0.0238842344149153","0.0623739588776531","-0.106142693446531","-0.054150226058507","0.1596870380437","0.104186891080339","-0.0586484303157784"
"854.0","The Mask (1994)","0.158601332539021","-0.00615953055032645","-0.0202647543403278","0.00699985452156428","-0.0204935812240274","0.228476272111068","0.273632950187543","-0.00862053065182516","-0.0781202929846144","-0.0232222687614659","0.197460812623522","-0.101675159896279","-0.0634185390121502","-0.131776745155022","-0.116862018536806"
"857.0","Saving Private Ryan (1998)","-0.0932941707630314","-0.043939319496841","-0.130862431409556","-0.00896596148483537","0.0619237831420515","0.0065643708025011","0.0107330923069697","0.0756442057155244","0.0335573908412427","-0.0559176513139701","-0.0940114071655293","0.103414457741884","-0.0898618090832705","-0.0598839131239044","0.0259099570338662"
"862.0","Toy Story (1995)","-0.040140716990732","-0.00804893048261433","-0.00387709109601383","0.258047823680049","-0.183288497452365","-0.0153900173978537","0.105688498285486","0.0650395055917734","-0.039521289386758","0.0557527774759179","-0.0712771949960224","-0.0160710147284038","-0.0886370951275091","0.0311679040052192","0.122741940183413"
"954.0","Mission: Impossible (1996)","0.0675090343332394","-0.0923564221411386","-0.0751452859355572","-0.165347945959835","-0.103847142528978","-0.064495206988949","-0.0108687597056132","0.0277460201811024","0.117310157399227","0.0623065635089292","0.017040705943322","0.0410667713450593","-0.0991728368262787","0.205364756660426","-0.0856130920918245"
"955.0","Mission: Impossible II (2000)","0.150526405502905","-0.10072403293984","-0.0520159429848405","-0.176024908148262","-0.0314844629674136","-0.104251635001686","-0.0357402955283863","0.0150706839763314","0.0336019107380131","0.0189580575681973","-0.0324185575227502","0.00665782496917659","-0.120484336127985","0.192712375918197","-0.125093086827484"
"1422.0","The Departed (2006)","-0.0694578119201325","0.0421256530473966","-0.0803469898876101","-0.0589041103826676","-0.0117187881653456","-0.0230413589807377","0.0544737896920677","-0.0380517826426469","-0.0403933697146236","-0.0410002424381934","-0.0568409238845524","0.0655842689941134","0.0815457987566321","0.0382081168480808","-0.0559224942270964"
"1572.0","Die Hard: With a Vengeance (1995)","0.0603902808966805","-0.0377371244935149","-0.00584667670818537","-0.118699898502317","-0.119354237776604","0.0346867219875146","0.00895692295058259","-0.00481258587022765","0.124482406213049","0.133153702044","0.036132880629881","0.030987586269495","0.0789154533977773","-0.0500747971640076","-0.0566486167138374"
"1597.0","Meet the Parents (2000)","0.11001964528427","0.0491456202607326","-0.0675873476419449","0.00925847881400931","0.0596148198405814","0.0630960861174275","0.0492923832761083","-0.0387038691849957","-0.0183235983627617","0.0792811838219622","-0.0422422423958971","0.144456971064051","-0.0339482013738412","-0.00213839049720566","0.0244549830417457"
"1637.0","Speed (1994)","0.128780461211272","-0.0250075361095346","-0.0828890291208196","-0.0864007174384715","-0.0195465907889247","0.017032162469503","0.00047013812236393","-0.0108938586962599","0.128157438740594","0.0625323147320323","0.0702315449023786","0.00913758983450364","0.0145114624737616","0.00614603075329672","0.0120675083913003"
"1891.0","Star Wars: Episode V - The Empire Strikes Back (1980)","-0.121403640321755","-0.0937227627186715","0.219118892107718","0.0315932524403698","-0.0976319252858401","0.253528883893718","-0.206738145564536","0.0262610207033757","-0.0111527472987443","-0.0787254634725084","-0.121601670032759","0.079607926664782","0.0173022709681121","0.124357680588308","-0.0144966733351554"
"1892.0","Star Wars: Episode VI - Return of the Jedi (1983)","-0.0948470627374699","-0.0877271524872481","0.207099456714043","0.0145661510211092","-0.0583523227199451","0.274294349542429","-0.215539444259847","0.0300382055192315","-0.0541377352380965","-0.0647470095540033","-0.109781122014146","0.0893946362310063","0.0371199731801916","0.120691583064527","-0.0128527321550501"
"1894.0","Star Wars: Episode II - Attack of the Clones (2002)","0.103737838289585","-0.155550322943664","0.111279362582934","-0.104832116231882","0.16744458256278","0.182786628435559","-0.223961116909854","0.0785152692924358","-0.384899535481751","-0.0889222958489274","-0.0735152887968094","0.0398910681109661","0.0769488682222907","0.0282378481183913","0.0708186169401606"
"1900.0","Traffic (2000)","0.00887383020754213","0.109462792515888","0.00540152585106931","-0.0127608058788449","0.0475090406584333","-0.0429855128675655","-0.0540987455979502","-0.046765736165302","0.0095733528029831","0.0229795013118901","-0.0390595007022512","0.019792045805163","-0.0240489192199116","0.00972273880033879","0.0110437989415587"
"2024.0","The Patriot (2000)","0.0762354616068722","-0.045249264082282","-0.102387394669948","-0.0300152485711678","0.105701370054712","-0.00891350422047488","-0.0316118483761983","0.0143410729858887","-0.0193002071715226","0.0975798614399111","-0.106753496246055","0.0603431499145008","0.0788731810530177","-0.0438471658407523","0.00405463579705947"
"2164.0","Stargate (1994)","0.0531520479041703","0.00226949580304434","0.0463033666108685","-0.0441373068436448","0.00750897390861322","0.0683587994915761","-0.0888097030309748","-0.0585231304007339","0.00930958239586206","0.0967319317922577","0.0403739482888017","-0.0163077021505803","0.125423233348873","-0.0620656609730509","0.107891208015178"
"2501.0","The Bourne Identity (2002)","-0.0582548151950037","-0.0654453776378304","-0.108713437100517","-0.14698690925928","-0.0760231776402926","-0.120144713528696","0.026948710179969","-0.0407065817486989","0.00818208880346859","0.0531525906184992","-0.0548210921401131","0.275998136566842","-0.199306064098025","0.194444768514391","0.00549889437756262"
"2502.0","The Bourne Supremacy (2004)","-0.0333565479581463","-0.0708553197996022","-0.108719285384346","-0.151023633675799","-0.053941546175296","-0.134707196602288","0.0111317680444121","-0.0366809700209603","-0.0141978002308452","0.0570724150838722","-0.0659497814281964","0.27212827688068","-0.193091294773938","0.202581948213027","0.00545490404413242"
"3049.0","Ace Ventura: Pet Detective (1994)","0.190878768951807","0.0677469377509277","0.00291818524342211","-0.0333480084775684","0.0743429378752461","0.285012405734977","0.386962340658914","-0.0885502222002023","-0.0254695017523444","-0.153609283443195","0.0197086856354548","0.0694225473806109","-0.0397997958022711","0.0446145316058827","0.0161561988983412"
"4327.0","Charlie's Angels (2000)","0.281989576779325","0.0802622913535666","0.112267661341816","-0.0438054787137581","0.0225523907891491","-0.0938599709241305","-0.066124019700174","0.0472158237492208","0.0448495480946969","0.0610679091163122","-0.045692045640977","-0.0687777326367885","-0.123569991402746","0.0989279215935978","-0.281855422590383"
"5503.0","The Fugitive (1993)","0.0144930147206778","0.0269083888971283","-0.0621201665526734","-0.00403150239283964","-0.0279812567834018","0.021482260769408","-0.0805995970827131","-0.0210804100234924","0.104280613174387","0.0827915710668741","-0.00146525470852806","0.0910850222293524","-0.00247089602510684","-0.0307727232312275","-0.00248187970714977"
"7443.0","Chicken Run (2000)","0.0850560705334534","0.0913682637269485","0.0573498860688885","0.134479071604566","0.00981172369012719","-0.0312559711378139","-0.0317564217078941","-0.0649106327689291","-0.0491409875359221","0.0701723352610426","-0.086348942838029","0.0159641602371339","-0.039596116951882","0.0170797906525442","0.0117714277601521"
"8358.0","Cast Away (2000)","0.00879234418036688","-0.0167879514154679","-0.13075706795114","-0.0344222436731429","0.0579197783223083","-0.0212065415249125","-0.0479359920401947","0.00980377686321736","-0.0384699881734168","0.0185252445620073","0.00155873346306357","0.0566750649421186","0.0196644974885155","-0.0944804081654208","0.0597808351754572"
"8467.0","Dumb & Dumber (1994)","0.190638147575656","0.110683008397746","-0.0100208402150341","-0.0121138909644154","0.13871982294195","0.308334976131612","0.394489765167549","-0.14566236126381","-0.0154376102911044","-0.157103814007053","-0.121444082265713","0.219124706339822","-0.152166441318623","0.0348493842781711","0.202725327452801"
"8587.0","The Lion King (1994)","-0.0136742693153705","-0.083707714548958","-0.107207026901685","0.257332513979773","-0.0259452314428248","0.00377753036579039","0.0730185337662682","0.0737148189221898","-0.0446567868302483","0.0257000263398044","-0.0967569544208586","-0.0802154253652155","0.16608293895003","0.108001675154442","-0.0549839159285283"
"9331.0","Clear and Present Danger (1994)","0.060349617738445","0.0226467018653421","-0.012660945876657","-0.016603084200481","0.02708147320974","-0.00851851510037983","-0.0744133665029344","-0.0181596424649756","0.0731894454168042","0.0905081848540617","-0.0216306065321246","0.0701848753026791","0.0313961388750769","-0.0258713174212654","0.0364963130396372"
"9741.0","Unbreakable (2000)","0.0612085626850559","0.0509254411089915","-0.0119162917110308","-0.0207008776105628","0.0461285610150382","-0.0287434935509876","-0.0382883920371429","-0.0650239210430618","-0.0145044203440449","0.0712407215820099","0.020077092119139","-0.0108982731623453","-0.0050016190023815","-0.0407639889314818","0.0916568377075538"
"9802.0","The Rock (1996)","0.0654858492860797","-0.0220094148663754","-0.0442149278820039","-0.0809802147299018","-0.000521137778454513","0.0200057172353533","-0.0427010225384516","-0.0414921855722999","0.0458704350535185","0.160479228082436","-0.0166692124193756","0.0775107763658748","0.0765659219600549","-0.103795662343911","-0.0136138292348256"
"9806.0","The Incredibles (2004)","0.0112104856595495","-0.00464711198773114","0.030691942260593","0.187176551923018","-0.211637480208971","-0.0918983182024444","0.0715444035381289","-0.0468726269298132","-0.0359903987208294","0.052421552502246","-0.101780580311177","-0.0191643015380018","-0.0796173354990957","0.0056747662251369","0.12766277858406"
"10020.0","Beauty and the Beast (1991)","0.0901432570460105","0.00045061800978388","-0.0155479873856799","0.262151489240368","-0.00462640812194815","-0.0282036399868906","-0.00089210923771909","0.0519880775601058","0.0105810737844661","0.0378156003713572","-0.103800270863327","-0.061564723399891","0.121975771137945","0.108154835285764","-0.0610902806488625"
"36657.0","X-Men (2000)","0.0568981301283991","-0.0812001663770978","0.065978704774609","-0.0899441437616401","-0.116017272134275","-0.10696986222084","-0.00419123720503084","-0.105029392009772","-0.0141373978144317","-0.038456928473157","-0.0196216236842611","-0.0372281618448731","0.0787516360321864","-0.168767598095755","0.00850243239108303"
"36658.0","X2: X-Men United (2003)","0.0813635071597707","-0.0650500333171216","0.0702868377715505","-0.0699989387099021","-0.0777935508420027","-0.110695340944667","-0.0299123523763635","-0.091039967518281","-0.0288553004673694","-0.0632038619964677","-0.0350585197012053","-0.029101260987069","0.0356549758083079","-0.151550014162201","-0.0361380634405342"
"36955.0","True Lies (1994)","0.121519581140585","0.0241284661784865","-0.000334466096474526","-0.0499736419603741","-0.0349785002723629","0.0934508413311195","-0.0168300693040074","-0.00861180915032018","0.159002050355366","0.109324289242071","0.0588634821603075","-0.00759322977779275","0.0409273626026309","-0.0278115048256509","-0.00283445491458089"
